;;;;;;;;;;;;;;;;;;;;;;;;;;;;;;;;;;;;;;;;;;;;;;;;;;
;;;;;;;;;;;;;;;;;;;;;;;;;;;;;;;;;;;;;;;;;;;;;;;;;;
;Portugal;Abrantes;Águeda;Almada;Amadora;Angra do Heroísmo;Aveiro;Barcelos;Barreiro;Beja;Braga;Bragança;Caldas da Rainha;Cascais;Castelo Branco;Coimbra;Covilhã;Elvas;Évora;Faro;Felgueiras;Funchal;Guarda;Idanha-a-Nova;Lamego;Leiria;Lisboa;Matosinhos;Melgaço;Mirandela;Oeiras;Oliveira de Azeméis;Oliveira do Hospital;Peniche;Ponta Delgada;Ponte de Lima;Portalegre;Portimão;Porto;Rio Maior;Santarém;Seia;Setúbal;Tomar;Valença;Viana do Castelo;Vila do Conde;Vila Nova de Gaia;Vila Real;Viseu
Portugal;162 956; 234; 542; 898; 362; 248;5 343;2 746; 409;1 637;6 605;4 785;1 170;2 775;2 502;17 320;3 143; 234;3 802;5 001;1 084;1 904;1 706; 341; 429;5 409;42 950;3 024; 209;1 251;2 593; 182; 384; 974;1 615; 303;1 275; 337;15 488; 823;1 851; 189;4 190;1 160; 383;2 167; 907;2 090;4 381;3 601
Abrantes; 675;54;0;6;1;0;5;0;13;4;0;1;12;8;55;68;60;0;14;8;0;0;2;5;0;46;163;1;0;3;5;0;0;9;0;0;20;1;7;12;22;0;3;63;0;0;0;0;2;2
Águeda; 745;0;57;0;0;0;142;1;0;0;7;3;1;7;15;220;38;0;5;4;1;1;19;2;6;23;44;2;0;1;2;5;9;2;3;1;1;1;18;1;1;1;5;4;0;0;0;6;13;73
Aguiar da Beira; 96;1;0;0;0;0;3;0;0;0;0;1;0;1;2;22;8;0;0;0;0;0;9;0;2;0;6;0;0;0;0;0;0;0;0;0;0;0;2;0;0;0;0;1;0;0;0;1;3;34
Alandroal; 67;0;0;0;0;0;0;0;0;5;0;0;0;0;1;2;2;4;26;5;0;0;0;0;0;0;13;0;0;0;0;0;0;0;0;0;5;0;0;0;2;0;2;0;0;0;0;0;0;0
Albergaria-a-Velha; 348;1;19;0;0;0;105;0;0;1;3;1;2;2;2;100;16;0;0;2;0;0;8;2;1;7;13;3;1;0;3;7;3;0;1;1;0;0;12;0;0;1;1;2;0;0;0;3;3;22
Albufeira; 568;1;1;0;0;0;4;0;0;29;0;1;2;6;0;24;4;2;36;260;0;0;2;1;0;8;130;0;0;1;8;0;2;2;0;0;0;17;0;7;2;0;7;3;0;0;1;3;2;2
Alcácer do Sal; 117;1;0;0;0;0;0;0;0;16;0;2;0;0;0;1;1;0;26;6;0;0;3;0;0;1;34;0;0;0;3;0;0;0;0;0;3;0;1;0;0;0;16;1;0;0;0;0;0;2
Alcanena; 199;0;1;0;0;0;10;0;0;0;0;2;1;3;5;24;17;0;11;2;0;0;1;0;0;35;48;2;0;0;4;1;1;8;0;0;2;0;1;2;8;0;1;8;0;0;0;0;1;0
Alcobaça;1 043;2;3;2;1;0;34;1;0;7;4;3;48;10;21;112;11;2;29;13;0;0;4;0;1;336;245;2;0;5;10;2;1;52;0;0;4;2;9;17;21;0;1;18;0;0;0;0;3;7
Alcochete; 322;0;0;6;2;0;1;0;2;3;2;0;1;13;0;2;0;0;16;2;0;0;0;0;0;0;203;0;0;0;4;0;0;0;0;0;0;0;0;0;5;1;57;2;0;0;0;0;0;0
Alcoutim; 37;0;0;0;0;0;0;0;0;4;0;0;0;0;0;2;0;0;3;18;0;0;0;0;0;0;10;0;0;0;0;0;0;0;0;0;0;0;0;0;0;0;0;0;0;0;0;0;0;0
Alenquer; 627;3;1;6;1;0;3;0;0;2;0;2;9;10;7;11;8;0;14;4;0;0;3;1;0;15;355;1;0;0;16;0;0;14;0;0;4;0;1;22;102;0;6;4;0;0;1;0;0;1
Alfândega da Fé; 83;0;0;0;0;0;2;0;0;0;2;39;0;0;5;5;2;0;0;0;0;0;0;0;0;1;0;1;0;9;1;0;0;0;0;0;0;0;2;0;0;1;0;0;0;0;0;1;11;1
Alijó; 166;0;0;0;0;0;2;0;0;0;5;29;0;0;1;8;2;0;2;1;0;1;2;0;5;0;6;1;0;16;0;0;0;0;0;0;0;0;9;0;2;0;0;0;0;0;0;2;67;5
Aljezur; 59;0;0;0;0;0;0;0;0;2;1;1;1;0;0;5;4;0;5;15;0;0;0;0;0;0;21;0;0;0;0;0;0;0;0;0;0;2;1;1;0;0;0;0;0;0;0;0;0;0
Aljustrel; 122;0;0;2;0;0;0;0;0;37;0;0;0;0;4;2;3;0;19;23;0;0;0;0;0;0;25;0;0;0;1;0;0;0;0;0;2;0;0;0;0;0;4;0;0;0;0;0;0;0
Almada;2 158;1;1;97;13;0;8;4;8;8;4;12;6;68;9;10;5;3;34;12;1;0;5;0;0;6;1 420;0;0;3;67;0;2;11;3;0;7;1;1;8;8;0;300;4;1;0;0;3;2;2
Almeida; 93;0;1;0;0;0;1;0;0;0;1;5;0;1;5;15;11;0;2;0;1;0;27;0;0;0;8;0;0;0;5;0;1;0;0;0;2;0;2;0;0;2;0;0;0;0;0;0;1;2
Almeirim; 308;1;0;2;0;0;4;0;0;1;1;0;5;2;9;27;10;1;16;6;0;0;0;1;0;6;86;0;0;0;3;0;0;2;0;0;2;1;3;12;94;0;2;5;0;0;0;0;2;4
Almodôvar; 82;0;0;0;0;0;0;0;0;20;0;0;0;0;0;2;0;0;2;35;0;0;0;0;0;1;17;0;0;0;0;0;0;0;0;0;2;0;0;1;0;0;2;0;0;0;0;0;0;0
Alpiarça; 123;2;0;1;1;0;3;0;0;1;0;1;2;1;1;6;0;0;11;2;0;0;0;0;0;2;43;0;0;1;3;0;0;2;1;0;0;1;1;4;30;0;0;2;0;0;0;1;0;0
Alter do Chão; 41;0;0;0;0;0;0;0;0;0;0;0;0;0;3;0;1;3;6;0;0;0;0;0;0;1;8;0;0;0;1;0;0;0;0;0;16;0;0;0;1;0;1;0;0;0;0;0;0;0
Alvaiázere; 84;0;1;0;0;0;1;0;0;0;0;0;1;0;4;27;1;0;3;1;0;0;0;0;0;10;7;0;0;0;0;0;2;1;0;0;2;0;1;2;4;0;1;15;0;0;0;0;0;0
Alvito; 38;1;0;0;0;0;0;0;0;14;0;0;0;0;0;3;2;0;7;1;0;0;0;0;0;0;7;0;0;0;0;0;0;0;1;0;1;1;0;0;0;0;0;0;0;0;0;0;0;0
Amadora;2 195;1;1;25;15;0;8;1;12;4;2;8;6;82;9;15;8;4;12;9;0;0;3;4;1;11;1 763;5;0;3;87;1;2;7;0;0;5;0;7;5;17;2;40;7;1;1;0;0;1;0
Amarante; 903;0;1;0;0;0;25;10;0;0;36;97;5;2;4;82;12;0;3;0;80;0;3;0;4;5;16;35;0;39;0;2;2;2;0;0;1;0;178;0;0;1;1;1;2;2;9;23;192;28
Amares; 307;0;0;0;0;0;5;68;0;0;123;12;0;0;2;4;4;0;0;2;2;0;1;0;1;3;7;1;3;5;1;0;0;1;0;3;0;0;9;0;0;0;0;0;6;24;0;0;15;5
Anadia; 451;0;13;0;0;0;49;0;0;0;0;3;4;5;3;230;26;0;3;2;0;0;10;0;2;13;28;4;0;0;2;1;2;0;0;0;1;0;15;0;1;1;5;1;0;1;1;3;5;17
Angra do Heroísmo; 577;0;2;8;0;118;11;0;0;9;8;0;4;2;3;52;9;1;7;8;1;1;1;0;1;18;187;5;0;2;8;0;2;1;50;0;3;0;19;7;2;2;9;2;0;0;0;8;5;1
Ansião; 234;0;0;0;0;0;5;0;0;0;1;0;1;3;7;121;3;0;2;4;0;0;4;0;0;39;25;0;0;0;1;0;1;3;0;0;0;0;0;2;0;1;0;6;0;0;0;1;2;2
Arcos de Valdevez; 284;0;2;1;1;0;5;5;0;0;45;11;2;1;2;26;3;0;0;0;4;0;2;0;1;3;19;14;5;3;0;1;0;0;0;4;1;0;29;0;1;0;1;1;4;77;0;1;8;1
Arganil; 148;0;0;0;0;0;2;0;0;0;0;0;2;1;1;102;2;0;0;0;0;0;1;1;0;3;10;0;0;0;1;0;12;2;0;0;0;0;1;0;0;0;1;0;0;0;0;1;1;4
Armamar; 104;0;0;2;0;0;6;0;0;0;2;3;0;0;3;17;3;0;0;0;0;0;1;0;12;1;4;0;0;0;0;0;0;0;0;0;2;0;9;0;0;0;0;0;1;0;0;0;22;16
Arouca; 256;0;0;0;0;0;32;1;0;0;2;3;0;0;0;54;7;0;1;0;1;0;4;0;5;1;6;14;1;0;0;4;0;0;0;0;1;0;73;0;0;2;0;2;1;0;3;9;8;21
Arraiolos; 142;0;0;1;1;0;1;0;0;2;0;0;0;3;4;3;2;2;78;3;0;0;0;1;0;0;30;0;0;0;0;0;0;0;0;0;6;0;2;1;0;0;2;0;0;0;0;0;0;0
Arronches; 51;0;0;0;0;0;0;0;0;1;1;0;0;0;1;0;3;6;7;1;0;0;1;0;0;2;8;0;0;0;0;0;0;0;0;0;17;0;0;1;0;0;2;0;0;0;0;0;0;0
Arruda dos Vinhos; 242;0;0;4;1;0;0;0;0;0;0;0;4;9;1;3;1;0;2;2;0;0;0;0;0;0;177;0;0;1;4;0;0;3;0;0;3;0;0;6;16;0;4;1;0;0;0;0;0;0
Aveiro;1 749;1;108;0;4;0;823;2;1;0;11;18;6;9;15;335;38;0;3;4;2;0;28;0;8;19;112;4;1;4;10;18;5;5;2;1;2;0;66;7;3;5;1;1;1;0;3;4;7;52
Avis; 50;0;0;1;0;0;0;0;0;4;0;0;0;1;5;2;0;0;12;3;0;0;0;3;0;3;9;0;0;0;1;0;0;0;0;0;3;0;0;1;0;0;2;0;0;0;0;0;0;0
Azambuja; 277;3;0;1;0;0;2;0;0;1;0;0;4;3;3;4;4;1;5;4;1;0;1;0;0;12;135;0;0;0;4;0;0;8;1;0;2;0;0;11;57;0;2;6;0;0;0;0;1;1
Baião; 246;0;0;0;0;0;1;1;0;0;5;34;1;0;1;27;5;0;0;0;9;0;0;1;11;1;4;19;0;6;0;0;0;0;0;0;0;0;50;0;0;0;0;1;0;0;2;8;49;10
Barcelos;2 140;2;6;0;0;0;41;557;0;0;446;46;4;3;9;141;28;0;5;7;10;0;11;1;1;12;40;27;12;19;1;1;2;1;0;19;1;0;179;0;0;2;0;3;50;242;6;40;147;18
Barrancos; 20;0;0;0;0;0;0;0;0;4;0;0;0;0;0;0;1;0;10;2;0;0;0;0;0;0;2;0;0;0;0;0;0;0;0;0;1;0;0;0;0;0;0;0;0;0;0;0;0;0
Barreiro;1 297;1;0;18;1;0;0;1;175;6;0;4;3;17;3;8;1;0;21;15;0;0;1;0;0;2;632;1;0;0;20;0;5;1;1;0;7;2;0;2;4;0;339;5;0;0;0;0;0;1
Batalha; 320;1;0;1;1;0;6;0;0;0;1;2;8;1;5;28;5;0;3;3;0;0;2;0;1;140;67;1;0;0;6;0;0;11;0;0;4;0;2;4;4;0;2;6;0;0;0;0;3;2
Beja; 750;0;0;4;0;0;1;0;0;395;0;0;2;5;3;13;3;1;77;38;0;0;1;0;0;5;170;0;0;1;7;0;0;0;1;1;4;0;1;4;0;0;8;3;0;0;0;0;2;0
Belmonte; 97;0;0;0;0;0;2;0;0;0;0;1;0;1;17;8;37;0;3;0;0;0;12;3;0;0;7;0;0;0;0;0;0;1;0;0;1;0;0;1;1;0;0;0;0;0;0;0;1;1
Benavente; 394;2;0;3;1;1;3;0;0;1;1;2;7;6;9;13;6;0;17;4;0;0;2;0;0;11;216;0;0;0;8;0;0;1;0;0;5;2;1;10;46;0;9;6;0;0;0;0;1;0
Bombarral; 191;1;0;3;1;0;3;0;0;1;1;0;11;2;2;11;3;0;5;4;0;0;1;0;0;26;76;0;0;0;3;0;0;11;0;0;1;2;3;6;13;0;1;0;0;0;0;0;0;0
Borba; 99;0;0;0;0;0;0;0;0;2;0;0;0;2;4;1;1;7;22;4;0;0;2;0;0;0;21;0;0;0;2;0;0;0;0;0;17;0;2;1;1;0;10;0;0;0;0;0;0;0
Boticas; 45;0;0;0;0;0;1;0;0;0;4;15;0;0;0;4;0;0;0;0;1;0;2;0;0;1;0;0;0;2;1;0;0;0;0;0;0;0;2;0;0;0;0;0;0;0;0;0;12;0
Braga;3 716;1;2;1;4;0;34;748;0;5;1 907;49;2;17;9;160;31;0;5;8;10;2;4;0;1;12;102;22;39;18;5;1;3;0;3;31;3;0;169;1;2;2;2;4;25;159;8;24;67;14
Bragança;2 338;0;1;0;1;0;20;3;0;0;20;1 895;2;1;5;69;27;0;0;4;0;0;6;0;0;3;22;4;0;138;1;1;0;0;1;0;1;3;59;0;0;0;0;1;0;1;1;7;38;3
Cabeceiras de Basto; 228;0;0;0;0;0;5;3;0;0;46;41;0;0;3;15;0;0;0;0;4;0;4;0;2;3;10;3;0;9;0;0;0;1;0;0;0;0;14;0;0;0;0;0;0;4;1;10;48;2
Cadaval; 168;0;0;1;0;0;0;0;0;2;1;0;6;0;3;9;0;0;9;4;0;0;1;1;0;29;65;0;0;0;4;0;1;5;0;0;2;0;1;3;15;0;1;4;0;0;0;1;0;0
Caldas da Rainha; 950;4;0;6;2;0;20;2;0;2;2;1;112;13;17;63;8;1;21;7;1;0;3;0;0;191;302;0;0;3;18;1;0;59;1;0;3;0;8;29;30;0;2;11;0;0;1;2;2;2
Calheta (R.A.A.); 56;0;0;1;0;2;1;0;0;0;3;0;0;1;1;13;0;0;1;2;0;0;0;0;0;2;19;0;0;0;0;0;0;1;7;0;0;0;2;0;0;0;0;0;0;0;0;0;0;0
Calheta (R.A.M.); 111;0;0;0;0;0;0;0;0;0;3;1;1;0;0;9;2;0;1;3;0;51;0;0;2;4;11;2;0;0;1;0;0;2;0;0;1;0;7;4;2;0;1;0;0;0;1;1;1;0
Câmara de Lobos; 465;1;0;2;0;0;8;0;0;1;8;0;1;0;9;37;4;3;7;7;1;238;2;0;0;7;72;3;0;1;1;0;1;2;3;0;0;0;27;3;0;1;2;0;0;0;0;4;7;2
Caminha; 277;1;1;1;2;0;12;12;0;0;26;6;0;0;0;20;7;0;0;1;2;0;3;1;0;4;20;8;11;3;2;0;0;0;2;4;0;0;39;0;0;1;1;0;12;59;1;3;10;2
Campo Maior; 163;1;0;1;0;0;0;0;0;5;0;0;0;1;12;7;7;9;26;5;0;0;4;0;0;4;42;0;0;0;1;0;0;0;0;0;28;0;0;0;1;1;8;0;0;0;0;0;0;0
Cantanhede; 593;0;3;0;0;0;35;0;0;0;3;0;5;3;7;391;5;0;3;0;1;0;12;0;0;27;33;1;0;1;0;2;5;8;1;0;2;0;14;0;1;4;0;5;0;1;1;2;5;12
Carrazeda de Ansiães; 85;0;1;0;0;0;3;0;0;0;0;19;0;0;3;5;3;0;1;0;1;0;1;0;0;0;4;1;0;12;0;0;1;0;0;0;0;0;10;0;0;0;0;0;0;0;0;1;16;3
Carregal do Sal; 155;0;0;0;0;0;12;0;0;1;4;0;0;2;0;43;11;0;0;1;0;0;5;0;4;2;8;1;0;2;0;0;3;0;0;0;2;1;5;0;0;1;0;0;0;0;0;1;4;42
Cartaxo; 371;0;0;1;3;0;5;0;0;1;0;1;10;8;5;12;4;1;16;4;0;0;0;2;1;16;136;0;0;0;6;0;0;12;1;0;4;2;3;11;93;0;0;8;0;0;0;0;3;2
Cascais;3 228;2;0;48;21;1;8;1;2;9;6;4;19;397;7;23;7;1;29;24;0;1;0;2;1;12;2 206;2;0;2;298;0;0;11;2;1;9;0;8;4;11;0;28;15;0;2;0;0;2;2
Castanheira de Pêra; 30;0;0;0;0;0;0;0;0;0;0;0;0;0;0;13;2;0;0;1;0;0;1;0;0;7;1;0;0;0;0;0;0;1;0;0;0;0;2;0;0;0;0;1;0;0;0;0;1;0
Castelo Branco;1 263;1;0;6;0;0;16;0;0;1;4;1;0;11;625;95;141;1;13;9;0;1;10;59;1;22;194;0;0;0;7;0;3;4;0;0;8;1;12;2;1;1;2;2;0;0;0;0;4;5
Castelo de Paiva; 199;1;0;0;1;0;34;0;0;0;1;9;0;0;3;22;1;0;1;0;3;0;2;0;1;2;6;13;0;1;0;3;1;0;0;0;0;0;53;0;0;0;0;0;0;0;1;12;15;13
Castelo de Vide; 52;0;0;0;0;0;1;0;0;1;0;0;1;0;0;3;2;1;7;1;0;0;0;2;0;0;11;0;0;0;0;0;0;0;0;0;17;0;1;0;1;0;1;1;0;0;0;0;1;0
Castro Daire; 224;0;0;0;0;1;9;0;0;1;3;4;2;0;9;43;5;0;1;1;0;0;11;0;6;4;13;2;0;3;0;0;0;0;0;0;0;0;2;3;0;3;1;0;0;0;0;3;12;82
Castro Marim; 97;0;0;0;0;0;0;0;0;6;0;0;2;1;0;3;2;1;5;45;0;0;1;0;0;0;22;0;0;2;2;0;0;0;0;0;0;0;1;1;1;0;2;0;0;0;0;0;0;0
Castro Verde; 111;0;0;2;0;0;0;0;0;28;0;0;0;0;1;4;2;0;4;22;0;0;0;0;0;0;44;0;0;0;1;0;0;0;0;0;1;0;0;0;0;0;2;0;0;0;0;0;0;0
Celorico da Beira; 89;0;0;0;0;0;3;1;0;0;0;1;0;4;3;19;8;0;0;1;0;0;24;0;1;1;9;0;0;0;0;0;0;1;0;0;1;0;1;0;0;4;0;0;0;0;0;1;2;4
Celorico de Basto; 338;0;0;0;0;0;6;4;0;0;22;47;0;0;1;25;0;0;1;0;7;0;3;0;2;0;9;9;0;7;0;1;2;0;0;1;0;0;24;0;0;0;1;0;1;1;1;8;154;1
Chamusca; 126;1;0;0;0;0;5;0;0;1;0;0;1;1;6;18;2;1;17;0;0;0;0;0;0;12;29;0;0;0;0;0;0;7;0;0;3;0;0;2;15;0;0;3;0;0;0;0;1;1
Chaves; 547;1;0;0;0;0;25;0;0;1;37;86;1;1;2;66;14;0;3;1;3;0;4;1;2;4;27;6;2;41;2;0;3;2;0;0;0;0;99;1;1;1;0;1;1;1;4;13;83;7
Cinfães; 172;0;1;0;0;0;5;0;0;0;5;9;0;0;3;19;3;0;1;0;2;0;3;0;4;2;6;7;0;1;0;0;1;0;0;0;1;0;46;0;1;1;0;0;0;0;0;13;8;30
Coimbra;4 076;1;1;2;2;0;25;0;0;2;7;10;14;47;9;3 608;14;0;13;11;0;0;8;3;3;17;165;2;0;0;11;1;20;4;1;1;4;0;35;3;4;1;2;5;0;0;6;1;5;8
Condeixa-a-Nova; 437;0;0;0;0;0;5;0;0;0;0;0;3;1;6;374;0;0;2;0;0;0;0;1;1;10;13;0;0;0;2;0;4;2;0;0;1;0;6;0;1;0;0;2;0;0;0;1;1;1
Constância; 80;0;0;1;0;0;0;0;0;1;0;0;1;0;5;11;9;1;3;0;0;0;1;0;0;5;21;0;0;0;1;0;0;3;0;0;0;0;0;0;4;0;0;12;0;0;0;0;0;1
Coruche; 252;1;0;0;0;0;1;0;0;1;0;1;2;2;2;19;2;0;29;5;0;0;0;1;0;7;112;0;0;1;4;0;0;0;0;0;5;2;0;1;45;1;5;1;0;1;0;0;0;1
Corvo; 8;0;0;0;0;0;0;2;0;0;0;0;0;0;0;1;0;0;0;0;0;0;0;0;0;0;3;0;0;0;0;0;0;0;1;0;0;0;1;0;0;0;0;0;0;0;0;0;0;0
Covilhã; 972;0;2;1;0;0;6;0;0;0;3;4;0;9;148;56;528;1;11;6;1;0;29;20;1;4;85;0;0;0;6;0;0;5;0;1;11;0;18;1;1;2;1;1;0;0;0;0;6;4
Crato; 50;0;0;0;0;0;4;0;0;0;0;0;0;0;6;3;2;1;3;0;0;0;1;0;0;1;11;0;0;0;0;0;0;2;0;0;15;0;0;0;0;0;1;0;0;0;0;0;0;0
Cuba; 79;1;0;0;0;0;0;0;0;42;0;0;0;0;0;0;0;1;10;9;0;0;0;0;0;0;14;0;0;0;0;0;0;0;0;0;1;1;0;0;0;0;0;0;0;0;0;0;0;0
Desconhecido; 92;2;1;0;0;0;23;0;0;0;0;0;0;0;1;1;0;0;5;1;0;0;21;1;0;0;30;0;0;0;0;0;0;0;0;0;0;0;0;0;0;6;0;0;0;0;0;0;0;0
Elvas; 383;0;0;4;0;0;1;0;0;6;0;1;1;0;19;13;9;48;90;12;0;0;2;3;0;3;108;0;0;0;4;0;2;2;0;0;42;0;0;6;4;0;2;0;0;0;0;0;1;0
Entroncamento; 422;10;0;3;0;0;9;0;0;1;3;1;4;11;11;45;20;0;17;2;0;0;2;0;0;25;116;0;0;0;4;1;1;5;0;0;12;0;2;13;29;0;0;74;0;1;0;0;0;0
Espinho; 389;0;4;0;0;0;90;2;0;0;2;5;0;0;2;26;7;0;1;0;1;0;3;0;0;4;17;19;0;1;1;1;0;0;0;0;1;0;167;0;1;1;0;0;0;0;3;21;6;3
Esposende; 661;0;1;1;1;0;34;88;0;0;118;17;0;0;7;67;2;0;0;2;6;0;2;2;0;4;15;14;6;10;0;0;3;0;1;6;0;0;97;0;2;0;0;3;12;94;4;25;10;7
Estarreja; 329;0;24;1;0;0;99;0;0;0;3;1;2;0;5;49;15;1;4;1;0;0;10;0;1;5;27;2;0;2;2;6;4;4;0;0;1;1;27;0;0;0;0;5;0;0;1;2;4;20
Estremoz; 224;0;0;1;0;0;3;0;0;10;1;0;2;3;7;3;4;8;66;6;0;0;2;0;0;0;74;0;0;0;3;0;0;0;0;0;19;0;0;1;2;0;7;2;0;0;0;0;0;0
Évora;1 349;0;2;4;2;0;5;0;3;30;2;4;8;14;9;21;5;8;860;22;0;0;1;2;0;8;263;0;0;0;8;0;0;8;0;0;27;7;7;2;3;0;10;3;0;0;0;1;0;0
Fafe; 595;0;2;0;0;0;21;11;0;0;157;49;0;0;4;64;17;0;2;1;42;0;5;2;1;3;15;10;0;21;2;0;6;0;0;5;0;0;74;0;2;1;1;1;1;12;2;14;37;10
Faro;1 681;1;0;4;2;0;4;1;0;21;3;4;2;11;0;40;4;4;29;1 294;0;0;1;1;0;2;195;1;0;2;16;0;0;1;0;0;4;3;6;9;1;0;5;1;0;0;0;1;2;6
Felgueiras; 803;0;5;0;0;0;15;4;0;1;84;92;2;2;3;68;6;0;5;1;173;0;5;0;1;10;16;23;0;32;0;1;0;2;1;0;0;0;117;0;0;0;0;0;2;7;6;24;87;8
Ferreira do Alentejo; 86;0;0;0;0;0;0;0;0;39;0;0;1;0;2;2;0;0;15;6;0;0;0;0;0;0;14;0;0;0;2;0;0;0;0;0;0;2;0;0;1;0;2;0;0;0;0;0;0;0
Ferreira do Zêzere; 137;0;0;1;0;0;6;0;0;0;0;0;1;2;4;37;4;0;2;3;0;0;3;2;0;15;23;0;0;0;1;0;1;2;0;0;2;0;3;3;4;0;0;18;0;0;0;0;0;0
Figueira da Foz;1 007;1;4;3;2;0;58;0;0;0;4;5;15;11;18;527;18;2;6;14;1;0;15;0;1;90;97;1;0;4;16;0;11;14;2;1;9;0;23;3;8;3;1;7;0;2;0;2;1;7
Figueira de Castelo Rodrigo; 62;0;0;0;0;0;2;0;0;1;0;2;1;1;6;7;12;0;0;1;0;0;13;1;1;0;5;0;0;1;0;0;0;0;0;0;2;0;0;0;0;1;0;0;0;0;0;0;2;3
Figueiró dos Vinhos; 58;1;0;0;0;0;2;0;0;0;0;0;0;1;5;25;0;0;2;1;0;0;0;1;0;9;5;0;0;0;0;0;2;1;0;0;0;0;0;0;0;0;0;3;0;0;0;0;0;0
Fornos de Algodres; 59;0;0;0;0;0;2;0;0;0;0;0;0;0;3;12;10;0;0;0;0;0;5;2;1;0;3;0;0;0;0;0;0;1;1;0;0;0;1;0;0;2;0;0;0;0;0;0;1;15
Freixo de Espada à Cinta; 33;0;0;0;0;0;2;0;0;0;1;14;0;0;1;4;4;0;0;0;0;0;0;1;0;0;1;0;0;1;0;0;0;0;0;0;0;0;0;0;0;0;0;0;0;0;0;0;4;0
Fronteira; 56;1;0;0;0;0;0;0;0;3;0;0;0;0;1;3;2;2;12;1;0;0;0;1;0;0;13;0;0;0;0;0;0;0;0;0;15;0;0;0;0;0;2;0;0;0;0;0;0;0
Funchal;1 939;1;0;7;1;4;22;1;0;13;31;5;3;43;11;130;15;1;17;23;3;850;7;5;0;20;458;19;0;2;39;0;4;6;3;3;1;3;74;23;7;0;12;6;3;8;5;18;19;13
Fundão; 440;0;0;2;0;0;10;0;0;1;6;4;3;2;115;39;120;0;9;4;0;0;23;19;0;6;57;0;0;2;4;0;0;2;0;0;5;0;2;2;0;0;0;2;0;0;0;0;0;1
Gavião; 26;0;0;0;0;0;1;0;0;0;0;0;0;1;3;1;1;0;1;0;0;0;0;0;0;0;9;0;0;0;0;0;0;1;0;0;6;0;0;1;1;0;0;0;0;0;0;0;0;0
Góis; 45;0;0;0;0;0;0;0;0;0;0;0;1;0;0;34;0;0;0;0;0;0;1;1;0;2;1;0;0;0;0;0;0;0;0;0;0;0;1;0;0;0;0;2;0;0;0;0;0;2
Golegã; 105;0;0;0;0;0;2;0;0;0;0;0;0;2;1;4;2;0;4;2;0;0;0;0;0;9;35;0;0;0;0;0;0;4;0;0;3;0;0;4;22;0;0;10;0;0;0;0;1;0
Gondomar;2 053;1;4;0;6;0;57;17;0;1;50;16;6;0;4;41;8;0;3;1;22;0;7;0;2;4;73;266;1;10;0;0;0;1;0;10;2;1;1 146;0;1;0;0;3;1;19;64;162;33;10
Gouveia; 192;0;0;0;0;0;12;0;0;0;1;8;0;0;10;51;10;0;2;2;0;0;29;1;1;5;22;1;0;0;2;0;1;0;0;0;1;0;2;2;0;3;0;0;0;0;1;1;5;19
Grândola; 185;0;0;1;0;0;0;0;0;23;0;0;0;1;2;3;1;0;25;16;0;0;0;1;0;4;70;0;0;1;1;0;0;0;1;0;3;2;1;1;5;0;20;3;0;0;0;0;0;0
Guarda;1 121;2;0;3;0;1;40;0;0;0;5;11;1;15;43;161;163;0;15;3;1;0;444;2;2;9;108;1;0;5;4;0;3;1;0;0;6;0;19;3;2;10;1;1;0;0;1;3;11;21
Guimarães;2 286;0;3;0;3;0;48;212;0;0;799;125;8;8;10;101;40;0;3;6;91;0;12;1;1;6;63;47;5;61;2;1;4;0;1;10;2;0;198;0;1;9;2;8;30;88;14;38;211;14
Horta; 231;0;0;1;0;7;13;1;0;2;3;4;0;1;3;16;4;0;5;4;0;0;0;0;1;4;84;5;0;1;3;0;1;0;30;0;2;1;15;7;0;0;3;5;0;0;2;3;0;0
Idanha-a-Nova; 115;0;0;0;0;0;1;0;0;0;0;1;0;0;29;2;16;0;0;0;0;0;2;53;0;1;4;0;0;0;0;0;1;0;0;0;1;0;0;2;2;0;0;0;0;0;0;0;0;0
Ílhavo; 789;2;47;2;0;0;289;1;0;0;4;7;3;5;3;184;12;0;7;1;1;0;17;4;4;11;53;1;2;1;10;6;5;4;0;1;3;0;33;5;0;2;1;7;1;0;0;2;10;38
Lagoa (Algarve); 295;0;0;4;0;0;5;0;0;18;3;0;1;3;5;19;4;1;17;89;0;0;0;0;1;3;62;0;0;0;6;0;1;1;0;0;1;39;4;4;0;0;3;0;0;0;0;0;1;0
Lagoa (R.A.A.); 203;0;0;0;0;4;0;0;0;0;6;0;1;0;0;6;2;0;1;1;0;0;0;0;0;1;37;1;0;0;1;0;0;1;129;0;0;0;5;1;0;0;1;1;0;0;0;2;2;0
Lagos; 362;0;0;1;0;0;7;1;0;21;0;2;2;2;3;14;3;1;30;96;0;0;0;0;1;4;108;1;0;0;9;0;0;2;0;1;6;34;4;2;3;0;2;1;0;0;0;1;0;0
Lajes das Flores; 17;0;0;0;0;1;0;0;0;0;0;1;0;0;0;0;0;0;1;0;0;0;0;0;0;1;5;0;0;0;0;0;0;0;5;0;0;0;0;1;0;0;0;0;0;0;0;1;1;0
Lajes do Pico; 62;0;0;0;0;1;1;0;0;0;3;2;2;0;2;11;1;0;1;1;0;0;0;0;0;2;19;0;0;0;0;0;0;1;8;0;0;1;1;0;0;0;1;3;0;0;0;0;0;1
Lamego; 481;0;1;1;0;0;18;0;0;0;15;18;1;1;3;87;14;0;0;0;2;0;13;3;88;2;31;7;0;12;0;1;2;0;0;0;0;0;58;0;1;0;1;1;0;1;1;7;46;45
Leiria;2 851;2;2;6;1;2;70;1;1;0;6;7;75;36;44;346;43;4;36;20;0;1;6;5;1;1 480;367;4;0;3;18;2;3;71;0;1;23;4;35;34;30;0;3;20;0;1;1;3;10;23
Lisboa;8 714;1;1;105;79;0;14;2;4;7;3;27;73;544;15;96;18;3;60;34;0;2;1;3;2;25;6 944;1;0;3;393;0;3;13;1;0;17;0;27;16;45;2;80;20;1;1;4;1;9;14
Loulé; 930;0;0;5;1;0;1;0;0;29;3;1;4;6;3;28;1;1;13;643;0;0;0;0;0;2;145;0;0;1;9;0;1;1;1;0;9;2;6;1;3;0;6;1;0;0;0;1;2;0
Loures;2 524;9;1;25;9;0;9;0;3;5;5;7;22;62;7;16;12;2;25;9;0;0;5;1;2;16;2 048;2;0;3;79;0;2;13;3;0;8;0;9;8;28;1;37;20;0;1;1;0;2;7
Lourinhã; 357;2;0;5;0;0;2;0;0;0;1;1;14;3;3;16;2;1;9;11;0;0;1;0;0;43;175;0;0;1;7;0;0;31;1;0;3;0;1;6;12;0;2;2;0;0;0;0;0;2
Lousã; 322;1;0;1;0;0;0;0;0;1;0;0;3;1;2;265;5;0;0;2;0;0;1;0;0;5;16;2;1;0;1;0;5;2;0;0;0;0;4;1;0;0;0;3;0;0;0;0;0;0
Lousada; 619;1;0;0;1;0;25;5;0;0;38;58;1;0;2;69;9;0;1;1;80;0;5;0;5;4;17;35;0;19;0;1;0;2;0;1;1;0;160;0;0;1;0;2;1;4;9;33;21;7
Mação; 100;2;0;0;0;0;3;0;0;0;0;0;0;4;13;13;2;0;1;0;0;0;0;2;0;9;29;0;0;0;1;0;0;4;0;0;2;0;0;3;8;0;0;4;0;0;0;0;0;0
Macedo de Cavaleiros; 265;0;0;0;0;0;4;0;0;0;9;109;1;2;2;28;9;0;1;0;0;0;10;0;1;1;10;1;0;21;0;0;1;0;0;0;2;0;23;0;0;2;1;1;0;0;2;0;24;0
Machico; 319;0;0;1;0;1;9;1;0;5;6;1;1;0;7;26;3;0;3;1;1;137;0;0;2;6;51;1;0;0;4;0;1;4;3;0;1;1;26;3;0;0;4;2;0;0;0;2;2;3
Madalena; 89;0;0;0;0;1;6;0;0;0;0;0;0;0;0;22;0;0;4;5;0;0;0;0;0;0;23;0;0;0;2;0;0;0;9;0;2;0;2;0;2;0;3;5;0;0;0;3;0;0
Mafra;1 225;0;0;19;3;0;6;0;0;4;2;2;17;53;6;20;11;3;22;16;0;0;2;0;0;36;875;0;0;0;49;1;0;21;1;0;4;0;2;17;15;2;9;3;0;0;0;1;3;0
Maia;1 971;0;0;0;3;0;23;24;0;1;51;14;5;4;3;29;6;0;1;4;17;0;2;0;1;2;65;280;3;7;2;2;0;2;1;12;0;0;1 143;0;1;1;1;1;1;10;78;124;37;10
Mangualde; 295;0;0;0;0;0;11;1;0;0;2;2;2;1;6;68;24;0;0;1;1;0;21;2;1;2;24;0;0;1;3;1;1;0;0;0;0;0;7;0;0;1;0;2;0;0;0;0;2;108
Manteigas; 47;0;0;0;0;0;0;0;0;0;0;1;0;0;5;10;13;0;1;0;0;0;3;1;1;1;6;0;0;0;1;0;0;0;1;0;0;0;1;0;0;0;0;0;0;0;0;1;0;1
Marco de Canaveses; 797;0;3;0;0;0;33;4;0;0;31;92;2;0;1;92;6;1;2;0;33;0;2;0;5;0;16;41;1;28;0;1;2;0;1;0;0;0;182;0;0;0;2;0;1;2;7;14;155;37
Marinha Grande; 717;1;1;5;1;0;17;0;0;2;4;2;24;11;7;84;10;1;7;5;0;0;6;2;1;368;84;0;0;4;10;1;2;14;0;0;7;0;2;11;9;0;3;3;0;1;1;2;2;2
Marvão; 52;0;0;0;0;0;0;0;0;1;0;0;0;0;4;4;4;3;4;0;0;0;0;0;0;1;8;0;0;0;2;0;0;0;0;0;19;0;0;0;0;0;2;0;0;0;0;0;0;0
Matosinhos;2 024;1;4;1;3;0;31;8;0;4;34;20;3;4;4;24;8;1;0;6;14;0;3;0;1;2;126;253;0;1;2;1;0;0;0;6;0;0;1 193;1;0;2;0;2;1;11;89;134;24;2
Mealhada; 248;0;3;0;0;0;21;0;0;0;0;0;5;0;0;188;1;0;2;0;0;0;4;0;0;7;5;1;0;0;3;0;0;2;0;0;0;0;2;1;1;0;0;0;0;0;0;0;2;0
Mêda; 75;0;0;0;1;0;4;0;0;0;0;5;0;0;3;13;9;0;0;0;0;0;20;1;0;1;7;0;0;0;0;0;0;0;0;0;0;0;4;0;0;0;0;0;0;0;0;0;0;7
Melgaço; 89;0;1;0;0;0;4;3;0;0;12;2;1;0;2;11;1;0;1;0;2;0;0;0;0;2;6;0;9;0;0;0;0;0;0;0;0;0;5;0;0;0;0;0;1;15;0;1;9;1
Mértola; 84;0;0;0;0;0;0;0;0;20;0;0;0;0;0;3;0;0;6;22;0;0;0;0;0;0;28;0;0;0;1;0;0;0;1;0;0;0;0;0;0;0;3;0;0;0;0;0;0;0
Mesão Frio; 44;0;1;0;0;0;4;0;0;0;0;12;0;0;0;3;0;0;0;0;0;0;1;0;4;0;2;3;0;0;0;0;0;0;0;0;0;0;6;0;0;0;0;0;0;0;0;0;4;4
Mira; 192;0;3;1;0;0;28;0;0;0;0;1;3;0;4;108;2;1;0;3;0;0;5;0;0;7;11;1;0;0;1;0;0;4;0;1;0;0;5;0;0;0;0;0;0;0;0;1;0;2
Miranda do Corvo; 252;1;0;0;0;0;2;0;0;0;0;0;2;0;3;227;1;1;0;0;0;0;1;0;0;1;7;0;0;2;0;1;0;1;0;0;0;0;0;0;0;0;0;2;0;0;0;0;0;0
Miranda do Douro; 87;0;0;0;0;0;0;0;0;0;0;43;0;0;0;6;0;0;1;0;1;0;2;0;0;1;4;5;0;8;0;0;0;0;0;0;0;0;10;0;0;0;0;0;0;0;0;1;5;0
Mirandela; 533;0;1;0;0;0;13;1;0;0;7;136;1;0;4;36;12;0;2;1;0;0;7;0;0;1;13;2;0;187;0;0;0;0;0;0;0;0;34;0;0;0;0;0;0;1;0;10;61;3
Mogadouro; 110;0;1;0;0;0;0;0;0;0;1;54;0;0;2;12;1;0;1;1;0;0;3;1;0;1;1;0;0;4;1;0;0;0;0;0;0;0;7;1;0;0;0;0;0;1;0;2;14;1
Moimenta da Beira; 169;0;0;0;0;0;12;0;0;0;2;2;0;2;2;45;10;0;0;1;1;0;5;0;14;2;11;0;0;0;0;0;1;0;0;0;0;0;6;0;0;0;0;0;0;1;1;2;12;37
Moita; 868;1;0;9;3;0;5;2;75;7;1;2;6;10;4;3;3;1;31;7;2;0;3;0;0;1;370;0;0;0;15;0;0;2;0;0;5;1;0;1;3;0;288;5;0;0;1;0;0;1
Monção; 215;0;0;0;0;0;9;6;0;0;24;10;0;1;2;29;4;0;0;1;2;0;2;0;1;1;14;9;5;2;0;0;1;0;0;2;0;0;23;0;0;0;0;0;13;30;0;6;16;2
Monchique; 55;0;0;0;0;0;0;0;0;6;1;0;1;0;0;3;0;0;7;10;0;0;0;1;0;1;19;0;0;0;1;0;0;0;0;0;0;4;0;0;0;0;1;0;0;0;0;0;0;0
Mondim de Basto; 106;0;0;0;0;0;2;0;0;0;8;16;0;0;1;12;2;0;0;0;3;0;1;0;2;1;4;1;0;6;0;1;0;0;0;0;0;0;9;0;1;0;0;0;0;2;1;3;29;1
Monforte; 41;0;0;0;0;0;0;0;0;2;0;0;0;0;0;0;0;2;8;0;0;0;1;0;0;1;11;0;0;0;1;0;0;0;0;0;14;0;0;0;0;0;1;0;0;0;0;0;0;0
Montalegre; 99;0;0;0;0;0;1;4;0;1;19;16;0;1;0;14;0;0;0;1;0;0;0;0;0;0;4;1;0;10;0;0;0;0;0;2;0;0;3;0;0;0;0;0;0;0;0;0;21;1
Montemor-o-Novo; 233;0;0;0;2;0;0;0;2;5;0;0;4;3;2;5;2;2;91;6;0;0;0;0;0;3;75;0;0;0;1;0;0;0;0;0;3;0;0;7;11;0;9;0;0;0;0;0;0;0
Montemor-o-Velho; 432;0;0;0;0;0;8;0;0;0;1;2;5;1;3;346;6;0;0;1;0;0;5;0;0;15;18;0;0;0;1;2;5;3;0;0;1;0;1;0;0;0;1;4;0;0;0;1;0;2
Montijo; 642;0;0;12;1;0;0;0;1;10;1;2;3;13;2;2;0;0;39;4;0;0;0;0;0;4;383;0;0;0;10;0;1;1;0;0;5;1;3;2;5;0;134;3;0;0;0;0;0;0
Mora; 62;0;0;1;0;0;0;0;0;1;0;0;0;0;2;2;0;0;23;1;0;0;1;0;0;1;20;0;0;0;0;0;0;0;0;0;5;0;0;1;0;0;2;1;0;0;0;0;1;0
Mortágua; 137;0;0;0;0;0;7;0;0;0;2;2;0;0;0;67;4;0;4;0;0;1;1;0;0;3;3;2;0;0;2;0;1;0;0;0;0;0;8;1;0;1;0;1;0;0;0;1;0;26
Moura; 183;0;0;0;0;0;0;0;0;56;0;1;1;5;1;2;2;2;30;18;0;0;0;1;0;0;37;0;0;0;1;0;0;0;0;0;7;3;1;1;6;0;8;0;0;0;0;0;0;0
Mourão; 41;0;0;1;0;0;0;0;0;8;0;0;0;0;0;0;0;0;10;3;0;0;0;0;0;0;12;0;0;0;1;0;0;0;0;0;4;0;0;0;1;0;1;0;0;0;0;0;0;0
Murça; 71;0;0;0;0;0;1;1;0;0;1;20;0;0;0;4;2;0;0;0;0;0;1;0;1;0;0;0;0;7;1;0;0;0;0;0;0;1;5;0;0;1;0;0;1;0;0;0;24;0
Murtosa; 100;1;4;0;0;0;23;0;0;1;1;0;0;1;2;23;5;0;1;0;0;0;6;0;0;2;4;0;0;0;2;1;3;1;0;1;0;0;7;0;2;0;1;0;0;0;2;0;1;5
Nazaré; 231;1;1;0;0;0;7;0;0;0;1;0;12;0;5;27;1;0;4;2;0;0;0;0;0;70;55;1;0;0;5;0;1;11;0;0;3;0;3;8;11;0;0;1;0;0;0;0;0;1
Nelas; 231;0;0;1;0;0;14;0;0;1;3;0;0;2;4;64;9;0;2;0;0;0;9;0;4;4;22;0;0;0;1;0;0;1;0;0;1;0;6;3;1;2;0;0;0;0;0;0;2;75
Nisa; 83;0;0;1;0;0;1;0;0;0;0;0;0;0;13;2;4;1;14;1;0;0;4;1;0;1;13;0;0;0;1;0;0;0;0;0;22;0;0;2;0;0;0;0;0;0;0;0;0;2
Nordeste; 57;0;0;0;0;0;0;0;0;0;2;0;0;0;1;2;0;0;0;0;1;0;0;0;0;0;5;1;0;0;0;0;0;0;40;0;0;0;3;0;0;0;0;0;0;0;0;2;0;0
Óbidos; 190;1;0;0;0;0;3;0;0;1;0;0;21;1;5;16;4;0;1;1;0;0;0;0;1;46;54;0;0;1;4;0;0;8;0;0;0;0;0;6;10;0;1;2;0;0;0;0;1;2
Odemira; 313;0;0;1;0;0;3;0;0;48;0;2;3;4;4;14;3;1;18;69;1;0;0;1;0;1;88;0;0;0;4;0;1;2;2;0;2;8;2;5;5;0;15;2;0;0;0;0;3;1
Odivelas;1 874;0;1;14;7;0;6;1;6;0;4;6;17;59;10;8;6;0;11;13;0;2;2;0;0;6;1 539;1;0;1;58;0;2;11;0;0;8;0;1;2;22;2;39;1;0;0;0;0;3;5
Oeiras;2 754;0;0;35;19;0;6;1;3;6;2;6;25;270;12;16;9;2;21;23;0;1;4;2;1;6;1 933;0;0;1;270;0;0;4;3;0;7;2;9;5;12;0;27;6;0;0;1;0;1;3
Oleiros; 67;0;0;0;0;0;0;0;0;0;0;1;0;0;24;20;6;0;0;0;0;0;1;4;0;3;6;0;0;0;0;0;0;0;0;0;1;0;0;0;1;0;0;0;0;0;0;0;0;0
Olhão; 633;0;0;2;1;0;3;0;0;20;0;0;2;1;0;21;5;2;8;464;0;0;0;0;0;1;85;2;0;2;9;0;0;1;0;0;1;0;3;0;0;0;0;0;0;0;0;0;0;0
Oliveira de Azeméis; 781;1;15;0;1;0;166;1;0;1;10;9;6;2;5;205;23;0;2;4;6;0;12;1;2;11;33;23;0;1;2;18;2;2;0;1;0;0;117;0;0;4;1;2;1;1;0;20;30;40
Oliveira de Frades; 147;0;3;1;0;0;14;0;0;0;0;1;0;1;1;37;4;0;1;1;0;0;19;0;1;4;3;1;0;0;1;1;0;2;0;1;0;0;3;0;0;1;0;0;0;0;0;2;3;41
Oliveira do Bairro; 375;0;27;1;0;0;76;2;0;0;2;2;2;0;8;129;9;0;1;0;1;0;10;2;3;15;14;2;0;1;1;1;6;2;0;0;1;0;15;0;1;1;0;3;0;1;0;3;7;26
Oliveira do Hospital; 352;0;0;0;1;0;6;1;0;0;0;5;1;0;9;171;14;1;3;0;0;0;17;1;0;10;25;0;0;0;0;0;53;2;0;0;0;0;6;3;1;5;0;1;0;0;0;0;5;11
Ourém; 867;3;3;5;1;0;35;0;0;1;2;3;27;10;23;150;18;1;14;9;1;0;2;2;0;261;163;0;0;0;12;0;1;17;2;0;14;1;13;13;22;0;1;25;0;0;0;0;4;8
Ourique; 61;0;0;0;0;0;0;0;0;18;0;0;0;0;1;1;0;0;3;17;0;0;0;0;0;0;19;0;0;0;1;0;0;0;0;0;0;1;0;0;0;0;0;0;0;0;0;0;0;0
Ovar; 675;1;20;1;2;1;193;1;0;0;19;7;1;3;6;87;18;0;0;0;2;0;5;0;1;9;27;22;0;1;2;4;0;1;0;1;1;0;170;2;1;1;0;2;0;0;9;17;15;22
Paços de Ferreira; 745;1;0;0;0;0;30;9;0;1;52;44;2;0;5;78;8;0;3;0;59;0;6;0;5;2;38;54;1;19;1;0;1;0;0;0;0;0;207;0;1;1;1;0;2;9;13;26;62;4
Palmela;1 016;1;0;20;9;0;2;0;9;5;3;2;7;15;2;16;2;0;54;15;0;0;0;0;1;3;435;0;0;1;21;0;0;3;0;0;4;1;2;8;2;0;365;6;0;0;0;0;2;0
Pampilhosa da Serra; 33;0;0;0;0;0;0;0;0;0;0;0;0;0;4;9;4;0;0;0;0;0;2;2;0;3;4;0;0;0;2;0;0;0;0;0;0;0;1;0;0;0;0;1;0;0;0;0;1;0
Paredes;1 003;0;1;0;0;0;29;13;0;0;19;62;3;1;4;37;12;0;2;1;75;0;7;2;1;8;38;114;0;16;0;2;4;0;0;3;0;0;380;0;0;0;0;0;4;8;7;63;81;6
Paredes de Coura; 126;0;0;0;0;0;1;4;0;0;8;4;1;0;1;9;0;0;0;0;0;0;1;0;0;2;9;1;3;1;0;0;1;0;0;6;0;0;15;0;1;0;0;0;13;29;0;4;11;1
Pedrógão Grande; 42;0;0;0;0;0;0;0;0;0;1;0;0;0;8;18;1;0;1;1;0;0;0;0;0;4;4;0;0;0;2;0;0;0;0;0;0;0;0;0;0;0;0;2;0;0;0;0;0;0
Penacova; 257;0;0;0;0;0;5;0;0;0;0;2;1;0;5;206;4;1;1;0;0;0;1;1;0;8;9;0;0;1;0;0;6;0;0;0;0;0;2;0;0;1;0;0;0;0;0;0;0;3
Penafiel; 887;0;1;0;1;0;26;2;0;0;20;94;1;0;5;58;15;0;3;1;53;1;7;2;4;0;30;48;0;36;0;0;3;0;1;1;1;0;321;0;1;1;0;1;0;6;4;49;76;14
Penalva do Castelo; 118;0;0;0;0;0;11;0;0;0;0;1;0;0;6;9;5;0;0;0;0;0;8;0;2;2;8;3;0;2;0;0;0;0;0;0;0;0;1;1;0;0;0;0;0;0;0;1;1;57
Penamacor; 56;0;0;0;0;0;0;0;0;0;0;0;0;0;11;4;22;0;1;1;0;0;4;3;0;0;5;0;0;0;0;0;0;0;0;0;2;0;1;0;0;1;0;0;0;0;0;0;0;1
Penedono; 43;0;0;0;0;0;3;0;0;0;1;2;0;0;0;9;2;0;0;0;0;0;4;2;0;0;5;0;0;1;1;0;0;0;0;0;0;0;2;0;0;1;0;0;0;0;0;0;1;9
Penela; 98;0;0;0;0;0;1;0;0;0;0;0;1;0;0;83;0;0;1;0;0;0;0;0;0;6;0;0;0;0;0;1;1;0;0;0;0;0;1;0;0;0;0;2;0;0;0;0;1;0
Peniche; 400;3;0;1;0;1;9;0;0;0;1;0;14;2;7;39;3;1;7;3;0;0;2;0;0;61;119;0;0;0;5;0;0;88;0;0;2;1;4;9;8;0;2;7;0;0;0;0;0;1
Peso da Régua; 279;0;0;0;0;0;10;1;0;1;3;27;0;0;2;30;4;0;0;1;0;0;6;0;14;1;17;5;0;14;0;0;0;0;0;0;0;0;33;0;1;1;0;0;1;1;1;6;77;22
Pinhel; 138;0;0;0;0;0;13;0;0;0;2;2;0;0;14;23;26;0;1;1;0;0;31;1;0;1;8;0;0;0;0;0;0;0;0;0;0;0;2;0;0;0;0;0;1;1;0;0;6;5
Pombal; 953;3;2;2;0;1;48;0;0;3;4;4;23;6;27;264;26;1;12;5;1;0;10;2;1;287;94;4;1;1;12;0;5;20;0;0;2;1;19;12;11;2;2;16;0;1;1;4;3;10
Ponta Delgada;1 271;0;1;2;0;15;19;4;0;7;15;9;5;15;2;40;1;0;11;8;2;2;2;2;0;11;193;7;1;2;47;0;8;1;725;3;3;0;62;6;2;1;6;3;0;1;2;12;5;8
Ponta do Sol; 129;0;0;1;0;0;1;0;0;3;3;1;0;0;3;14;1;0;0;1;0;45;0;1;1;2;28;2;0;0;1;0;2;2;1;0;0;0;7;2;2;0;1;0;0;0;0;1;3;0
Ponte da Barca; 177;0;2;0;0;0;6;8;0;0;33;6;0;1;0;8;6;0;1;0;1;0;2;0;0;3;5;0;3;1;0;0;0;0;0;6;1;0;13;0;0;0;0;0;7;47;1;1;14;1
Ponte de Lima; 680;2;0;0;0;0;31;27;0;0;122;22;2;2;2;58;9;0;1;0;7;0;1;0;0;4;28;6;7;9;2;0;1;0;0;29;0;0;66;0;0;0;0;1;17;166;2;16;36;4
Ponte de Sor; 233;1;0;2;0;0;5;0;0;1;0;0;2;1;33;19;14;1;42;6;0;0;0;1;2;7;44;0;0;0;2;0;0;0;0;0;34;0;0;3;4;0;3;4;0;1;0;0;0;1
Portalegre; 625;0;0;1;0;0;5;0;0;3;0;0;0;4;24;28;13;10;41;2;0;0;4;0;0;11;105;1;0;0;10;0;0;1;0;0;353;0;2;1;0;2;2;2;0;0;0;0;0;0
Portel; 76;0;0;0;0;0;2;0;0;18;0;0;0;0;2;3;0;0;28;8;0;0;0;0;0;0;9;0;0;0;0;0;0;0;0;0;0;0;0;1;0;0;5;0;0;0;0;0;0;0
Portimão; 737;1;0;2;4;0;15;0;0;29;3;3;3;16;11;35;8;3;49;175;0;0;5;2;0;10;200;1;0;2;13;0;0;3;1;0;4;111;7;9;2;0;2;1;0;0;1;1;1;4
Porto;3 123;0;1;0;6;0;41;8;0;0;54;18;7;31;6;107;11;0;6;12;20;0;6;1;2;6;156;245;1;10;7;1;0;1;3;7;1;0;2 004;1;1;2;0;0;2;14;123;158;34;9
Porto de Mós; 442;0;0;3;1;1;14;0;0;1;1;2;23;1;15;63;11;0;20;0;0;0;2;0;0;154;82;1;0;1;4;0;0;4;0;0;7;1;7;7;7;0;3;3;0;0;0;0;0;3
Porto Moniz; 45;0;0;0;0;0;0;0;0;1;3;1;0;0;1;5;0;0;2;0;0;12;0;0;0;1;7;0;0;0;0;0;0;0;0;0;0;0;4;1;0;0;6;0;0;0;0;0;1;0
Porto Santo; 63;0;0;0;0;0;0;1;0;1;1;1;1;0;0;2;0;0;1;4;0;18;0;0;0;2;15;2;0;0;2;0;0;1;1;0;2;0;3;1;0;0;0;1;0;0;0;1;2;0
Póvoa de Lanhoso; 259;0;0;0;0;0;1;42;0;0;106;19;1;0;0;9;3;0;1;1;0;0;3;1;0;1;11;2;3;3;0;1;0;0;0;0;0;1;9;0;0;1;0;0;4;11;0;2;21;2
Póvoa de Varzim; 935;0;0;1;1;1;13;77;0;1;74;15;4;0;9;49;6;0;4;3;4;1;3;0;0;4;27;60;3;6;1;1;2;1;1;16;0;0;313;1;0;0;0;2;7;91;45;49;35;4
Povoação; 73;0;0;1;0;2;0;0;0;0;0;0;0;0;0;7;1;0;1;0;0;1;0;1;0;2;2;0;0;0;0;0;0;1;45;0;1;0;5;0;0;0;1;0;0;0;0;0;1;1
Proença-a-Nova; 123;1;0;0;0;0;1;0;0;0;0;2;0;1;24;20;10;0;1;0;0;0;2;2;0;8;29;0;0;1;2;0;1;2;0;0;6;0;0;3;0;1;2;2;0;0;1;0;0;1
Redondo; 136;0;0;1;0;0;0;0;0;4;0;0;0;0;3;9;0;1;52;1;0;0;0;1;0;2;40;0;0;0;2;0;0;1;0;0;13;0;2;1;0;0;1;1;0;0;0;0;1;0
Reguengos de Monsaraz; 137;0;0;3;0;0;0;0;0;12;1;0;0;0;0;8;2;0;77;9;0;0;0;0;0;3;13;0;0;0;0;0;0;1;1;0;0;1;0;1;1;0;4;0;0;0;0;0;0;0
Resende; 179;0;0;0;0;0;3;1;0;0;3;27;0;1;1;18;1;0;0;0;0;0;6;0;11;1;4;1;0;0;0;0;0;0;0;0;1;0;33;0;0;0;0;0;0;0;2;6;26;33
Ribeira Brava; 205;1;0;3;0;1;0;0;0;0;4;1;1;0;5;11;3;0;6;8;0;105;1;1;0;1;23;2;0;1;1;0;1;3;2;0;2;1;6;2;2;0;4;1;0;0;0;0;2;0
Ribeira de Pena; 94;0;0;0;0;0;1;1;0;0;6;6;0;0;1;8;1;0;0;0;0;0;2;0;0;0;2;2;0;2;0;0;1;0;0;0;0;0;9;0;0;0;0;0;0;0;0;4;47;1
Ribeira Grande; 420;1;0;3;0;6;7;2;0;2;4;1;2;0;1;18;2;0;5;1;0;1;0;2;0;15;34;0;0;0;3;0;1;5;279;0;1;0;7;0;5;0;1;2;0;0;0;2;5;2
Rio Maior; 342;0;1;1;0;0;2;0;0;1;1;0;8;8;9;21;5;0;12;9;0;0;1;0;0;52;114;0;0;0;1;0;0;23;1;0;3;1;0;27;36;1;1;2;0;0;0;0;1;0
Sabrosa; 76;0;0;0;0;0;3;0;0;0;0;11;0;0;0;5;1;0;0;0;0;0;3;0;0;0;2;0;0;2;0;0;0;0;0;0;0;0;2;0;0;0;0;0;0;0;0;1;43;3
Sabugal; 120;0;0;0;0;0;5;0;0;0;0;1;0;0;9;21;29;0;1;0;0;0;25;2;1;1;12;0;0;1;2;0;1;0;0;0;1;0;3;1;0;0;1;0;0;0;0;0;1;2
Salvaterra de Magos; 317;0;2;2;0;0;1;0;1;0;0;1;16;5;14;11;9;0;26;5;0;0;3;0;0;12;113;0;0;0;3;0;0;4;0;0;3;0;1;9;67;0;4;3;0;0;0;0;1;1
Santa Comba Dão; 179;0;0;0;0;0;13;0;0;0;0;0;0;2;7;53;14;0;3;0;0;0;7;0;0;1;18;0;0;0;0;0;2;1;0;0;0;0;9;0;1;2;0;0;0;0;0;0;2;44
Santa Cruz; 747;1;0;4;0;1;14;2;0;4;13;1;4;3;8;48;8;0;7;13;0;346;1;0;1;8;169;5;0;2;8;1;0;6;4;0;3;1;31;6;4;0;4;2;0;0;1;6;6;1
Santa Cruz da Graciosa; 56;0;0;0;0;5;1;0;0;0;0;1;0;1;0;4;0;0;1;1;0;0;0;0;0;2;13;1;0;0;1;0;0;0;16;0;1;0;2;0;1;0;1;0;0;0;1;0;2;1
Santa Cruz das Flores; 21;0;0;0;0;0;1;0;0;0;0;0;0;0;0;2;0;0;0;0;0;0;1;0;0;0;12;0;0;1;0;0;0;0;4;0;0;0;0;0;0;0;0;0;0;0;0;0;0;0
Santa Maria da Feira;1 523;2;25;0;1;0;281;4;0;0;31;20;8;2;15;189;40;0;7;5;9;0;17;0;8;12;61;71;2;5;4;29;3;3;0;1;1;0;483;2;1;5;1;3;1;6;14;61;44;46
Santa Marta de Penaguião; 118;0;0;0;0;0;1;0;0;0;4;25;0;0;0;8;4;0;0;0;1;0;2;0;5;1;5;3;0;5;0;0;0;0;0;0;0;0;3;0;0;0;0;0;0;0;0;3;48;0
Santana; 107;0;0;2;0;0;0;0;0;1;2;1;0;0;4;7;1;0;1;1;0;46;0;0;0;4;16;5;0;0;0;0;1;1;1;0;1;0;4;2;3;0;0;1;0;0;0;2;0;0
Santarém;1 151;7;0;8;0;0;21;1;0;2;3;2;18;19;15;92;17;2;51;11;0;0;1;1;0;74;383;0;0;4;18;0;4;16;0;0;12;4;8;44;282;0;8;19;0;1;0;0;2;1
Santiago do Cacém; 343;0;0;6;1;0;2;0;3;50;0;0;0;3;0;7;3;0;31;36;0;0;0;1;0;2;123;1;0;0;5;0;0;1;0;0;6;0;1;2;0;0;57;1;0;0;0;0;1;0
Santo Tirso; 851;0;0;0;1;0;20;35;0;1;141;33;3;1;6;39;11;0;1;5;38;0;4;1;2;4;24;56;1;10;2;0;0;3;0;3;0;0;261;1;1;1;1;2;1;12;19;56;46;5
São Brás de Alportel; 179;0;0;0;0;0;0;0;0;5;1;0;0;0;1;3;1;0;7;122;0;0;0;0;0;1;27;0;0;0;4;0;0;0;0;0;1;1;2;1;0;0;0;0;0;1;1;0;0;0
São João da Madeira; 296;0;1;1;1;0;44;2;0;0;8;8;2;0;0;61;13;0;1;2;0;0;10;0;2;2;16;12;2;2;1;3;4;0;1;0;0;0;70;1;0;0;0;0;0;1;1;3;3;18
São João da Pesqueira; 92;0;0;0;0;0;5;0;0;0;0;8;0;0;1;18;1;0;0;0;0;0;12;0;2;0;6;2;0;4;0;0;1;0;0;0;0;0;0;0;0;0;0;0;0;0;0;2;9;21
São Pedro do Sul; 245;0;4;1;0;0;25;0;0;0;0;1;1;2;2;59;7;0;1;0;0;0;14;1;4;2;21;1;0;1;0;1;1;1;0;0;2;0;8;0;1;4;1;0;0;0;0;0;4;75
São Roque do Pico; 33;0;0;0;0;1;0;0;0;0;0;0;0;0;0;4;0;0;2;0;0;0;0;0;0;0;13;0;0;0;0;0;0;0;10;0;0;0;3;0;0;0;0;0;0;0;0;0;0;0
São Vicente; 71;0;0;0;0;1;0;0;0;1;4;1;0;1;1;4;0;1;0;3;0;30;0;0;0;1;15;0;0;1;0;0;0;0;2;0;0;0;1;0;0;0;0;0;0;0;1;0;2;1
Sardoal; 76;2;0;1;0;0;1;0;1;0;0;0;2;0;4;6;16;0;1;0;0;0;0;0;0;6;18;0;0;0;1;0;0;3;0;0;4;0;1;2;0;0;0;7;0;0;0;0;0;0
Sátão; 216;0;0;1;0;0;15;1;0;0;2;3;0;1;5;44;8;0;2;0;0;0;13;2;6;1;13;1;0;0;0;0;1;0;0;0;1;0;4;0;2;1;1;0;0;0;0;2;5;81
Seia; 347;1;1;4;1;0;14;0;0;0;2;10;1;0;12;97;19;0;5;2;0;0;34;5;4;5;29;1;0;0;1;0;17;0;0;0;1;0;5;6;1;18;2;1;0;0;0;1;3;44
Seixal;2 181;1;1;76;13;0;6;0;12;19;4;4;13;64;13;18;2;2;37;13;1;0;4;5;1;6;1 305;1;0;2;57;0;0;3;0;0;6;2;5;1;7;0;463;4;0;2;1;0;1;6
Sernancelhe; 72;0;0;0;0;0;2;0;0;0;0;1;0;0;3;14;4;0;0;0;0;0;7;1;4;0;4;0;0;0;0;0;0;0;0;0;1;0;0;0;0;0;0;0;0;0;1;1;0;29
Serpa; 219;0;0;2;0;0;1;0;0;95;0;1;2;2;3;5;0;0;20;26;0;0;1;0;0;4;39;0;0;1;4;0;0;0;0;0;3;1;1;3;1;0;2;0;0;0;0;0;1;1
Sertã; 244;0;1;0;0;0;6;0;0;0;0;1;0;1;46;86;7;0;1;1;0;0;3;3;0;25;31;0;0;0;2;2;4;2;0;0;2;0;0;2;2;0;2;12;0;0;0;0;1;1
Sesimbra; 703;1;0;20;3;0;6;0;10;3;0;0;1;15;3;7;2;0;10;5;0;0;1;1;1;2;328;0;0;0;16;0;0;2;1;0;5;0;3;1;5;0;243;4;0;0;0;1;2;1
Setúbal;2 141;2;0;27;8;0;4;0;25;13;2;1;7;29;7;27;11;3;83;19;0;1;1;0;0;4;720;0;1;0;45;1;1;2;1;0;7;1;2;5;7;0;1 070;1;0;0;1;0;0;2
Sever do Vouga; 159;2;5;0;0;0;26;1;0;0;0;2;2;0;4;42;14;0;2;0;0;0;4;0;3;5;8;0;0;2;1;2;1;1;0;0;0;1;9;1;0;1;0;0;0;1;1;0;0;18
Silves; 368;0;2;2;0;0;5;0;0;18;0;0;2;4;7;14;1;1;24;150;0;0;0;0;0;5;100;0;0;0;4;0;1;2;0;0;1;13;0;2;2;0;7;0;0;1;0;0;0;0
Sines; 184;0;0;2;0;0;0;0;1;14;0;0;1;0;2;2;0;0;11;31;0;0;0;0;0;0;65;0;0;0;4;0;0;0;0;0;0;0;0;8;3;0;35;5;0;0;0;0;0;0
Sintra;5 754;8;0;74;33;0;20;1;34;20;10;26;26;282;31;63;17;6;58;51;2;2;13;5;2;36;4 338;0;0;8;283;1;4;21;4;1;22;7;11;18;44;0;108;38;2;2;1;1;8;12
Sobral de Monte Agraço; 126;0;0;0;1;0;0;0;0;1;0;0;3;3;1;1;0;1;1;3;0;0;0;0;0;4;84;0;0;0;4;0;0;9;1;0;3;0;0;1;1;0;3;1;0;0;0;0;0;0
Soure; 317;1;0;1;1;0;1;1;0;1;0;1;5;2;1;258;0;0;2;2;0;0;3;0;1;18;4;0;0;1;2;0;3;2;0;0;0;0;0;0;1;0;1;2;0;0;0;0;2;0
Sousel; 71;0;0;2;0;0;1;0;0;3;0;0;1;0;2;1;0;7;14;5;0;0;0;1;0;0;20;0;0;0;0;0;0;0;0;0;5;2;1;1;1;0;3;1;0;0;0;0;0;0
Tábua; 148;0;0;0;0;0;2;0;0;0;0;0;0;0;0;73;13;1;1;0;0;0;3;0;0;4;13;0;0;0;0;0;16;2;0;0;1;0;1;2;0;1;1;0;0;0;1;1;3;9
Tabuaço; 81;0;0;0;0;0;3;0;0;0;1;10;0;0;1;11;1;0;0;2;0;0;3;0;7;0;4;0;0;2;0;0;0;0;0;0;0;0;4;0;0;0;0;0;0;0;0;2;11;19
Tarouca; 131;0;0;0;0;0;8;0;0;0;4;11;0;0;2;25;3;0;0;0;2;0;1;0;16;0;9;2;0;5;0;0;0;0;0;0;0;0;11;1;1;0;0;0;0;0;1;0;13;16
Tavira; 360;0;0;2;1;0;0;1;0;17;5;0;0;2;4;11;1;0;21;183;1;1;1;0;0;7;79;0;0;1;7;0;0;0;0;0;3;2;2;0;3;0;2;0;0;0;0;1;0;2
Terras de Bouro; 86;0;1;0;0;0;1;9;0;0;30;7;0;0;1;3;4;0;0;1;0;0;1;0;0;0;0;0;0;2;0;0;0;0;0;3;1;0;1;0;0;0;0;0;1;8;1;2;7;2
Tomar; 830;9;1;4;0;0;20;0;0;0;4;0;6;7;21;116;22;1;24;4;0;1;3;0;0;78;157;0;0;0;8;0;0;8;1;0;4;0;4;7;21;0;5;289;0;0;0;0;3;2
Tondela; 421;0;2;1;0;1;30;0;0;1;1;2;1;6;5;95;15;0;1;0;0;0;8;2;4;11;43;2;0;1;2;0;3;1;0;0;1;1;17;0;1;3;0;2;0;0;0;1;8;149
Torre de Moncorvo; 101;0;0;0;0;0;0;0;0;0;4;33;0;0;0;16;4;0;0;0;0;0;2;0;1;1;4;1;0;8;0;1;0;0;0;0;0;0;9;0;0;2;0;0;0;0;1;0;12;2
Torres Novas; 645;9;2;2;0;0;22;0;0;2;7;2;10;1;19;80;33;0;23;10;0;0;1;2;0;72;213;0;0;0;12;1;1;6;0;0;7;1;6;10;35;0;0;53;0;0;0;2;0;1
Torres Vedras;1 131;6;0;4;5;0;8;0;0;3;2;2;31;29;9;31;13;1;30;22;1;0;2;1;0;122;618;1;0;1;32;0;0;54;0;0;5;2;4;39;28;1;8;10;0;0;1;1;3;1
Trancoso; 156;0;1;2;0;0;12;0;0;0;0;6;1;2;9;17;27;0;0;0;0;0;25;0;2;1;21;0;0;0;0;0;3;0;0;0;0;0;1;1;1;2;0;0;0;0;0;0;5;17
Trofa; 433;0;1;0;0;0;6;33;0;0;61;3;1;0;1;12;3;0;0;1;3;0;2;0;0;1;13;47;0;2;0;1;1;1;0;1;0;0;175;0;1;0;0;0;2;14;17;21;9;0
Vagos; 355;0;9;0;0;0;102;0;0;0;4;4;2;0;0;112;6;0;2;4;0;0;10;0;4;11;12;3;0;3;1;2;2;3;0;0;3;0;15;5;0;0;0;3;0;1;0;2;1;29
Vale de Cambra; 276;1;3;0;0;0;36;1;0;0;2;1;1;0;1;74;5;0;2;0;0;0;11;0;0;2;17;8;1;0;0;3;4;0;0;0;0;0;61;0;0;0;1;1;0;0;0;9;6;25
Valença; 201;0;0;0;0;0;13;5;0;0;24;9;0;0;0;14;2;0;0;1;2;0;3;0;0;1;8;3;6;5;0;0;0;0;0;3;0;0;6;0;0;0;0;0;46;40;0;1;7;2
Valongo;1 221;0;3;0;0;1;31;20;0;0;40;18;4;0;0;22;5;0;1;2;33;0;1;0;2;1;64;153;3;5;0;1;0;0;1;3;0;0;637;0;0;0;0;2;0;7;31;97;27;6
Valpaços; 185;0;0;0;0;0;4;0;0;0;3;54;0;1;4;14;1;0;1;0;2;0;1;0;1;0;14;1;0;32;0;0;0;0;0;0;0;0;15;0;0;1;0;0;0;0;0;3;32;1
Velas; 64;0;0;0;0;0;4;0;0;0;2;0;1;0;0;4;0;0;1;0;0;0;0;1;0;1;17;4;0;0;1;0;0;2;16;0;0;0;2;4;1;0;0;0;0;0;0;1;1;1
Vendas Novas; 162;0;0;3;1;0;1;0;0;5;1;0;0;1;1;2;2;0;33;5;0;0;0;0;0;1;71;0;0;0;4;0;0;0;0;0;3;3;2;0;6;0;17;0;0;0;0;0;0;0
Viana do Alentejo; 93;0;0;0;0;0;0;0;0;18;0;1;0;2;0;2;2;3;44;3;0;0;0;1;0;2;6;0;0;0;1;0;0;0;0;0;2;2;1;2;0;0;0;0;0;0;0;0;0;1
Viana do Castelo;1 512;0;3;1;3;0;36;60;0;0;122;24;6;3;19;140;22;0;6;4;4;0;10;0;3;12;84;40;38;6;7;0;1;2;0;35;0;0;184;0;1;0;3;1;40;501;6;26;48;11
Vidigueira; 74;0;0;0;0;1;1;0;0;35;0;0;0;0;0;1;0;0;14;8;0;0;0;0;0;0;5;0;0;0;0;0;0;0;0;0;1;1;0;0;0;0;4;1;0;0;0;0;1;1
Vieira do Minho; 156;0;0;0;0;0;2;8;0;0;71;6;0;0;0;14;0;1;0;0;0;0;2;0;0;0;3;0;1;4;0;0;0;0;0;0;0;0;7;0;1;0;0;0;1;5;0;4;25;1
Vila da Praia da Vitória; 298;0;0;1;0;49;8;2;0;4;5;2;2;0;1;32;3;0;4;3;2;0;0;1;0;5;93;5;0;2;2;0;1;0;22;0;2;1;20;6;3;0;3;0;0;0;2;9;2;1
Vila de Rei; 84;3;0;3;0;0;0;0;0;0;0;1;0;0;15;14;4;0;0;0;0;0;0;3;0;19;16;0;0;0;0;0;0;0;0;0;0;0;0;2;2;0;0;1;0;0;0;0;0;1
Vila do Bispo; 37;0;0;0;0;0;0;0;0;1;0;0;0;0;0;1;1;1;2;11;0;0;0;0;0;2;11;0;0;0;0;0;0;1;0;0;2;2;0;0;0;0;1;0;0;0;0;0;1;0
Vila do Conde; 929;1;3;0;3;0;16;49;0;0;42;17;5;1;7;23;5;0;1;1;3;0;8;0;0;2;32;89;2;3;2;3;0;1;2;12;0;0;398;0;1;0;0;1;1;41;77;46;29;2
Vila do Porto; 81;0;0;0;0;1;2;1;0;0;1;0;0;0;1;9;1;0;1;1;0;0;0;0;0;1;29;0;0;0;1;0;0;2;23;0;1;0;4;0;0;0;0;0;0;0;0;1;1;0
Vila Flor; 90;1;0;0;0;0;1;0;0;0;0;23;0;0;0;11;4;0;0;0;1;0;0;0;0;0;4;2;0;12;0;0;0;0;0;0;0;0;8;0;0;0;0;0;0;0;0;0;22;1
Vila Franca de Xira;1 951;8;0;11;13;0;4;0;2;6;5;4;15;61;7;14;10;3;20;19;1;0;1;2;0;12;1 427;0;0;3;50;0;0;19;0;0;11;1;0;27;137;1;31;14;1;1;0;0;5;5
Vila Franca do Campo; 145;0;0;0;0;10;0;0;0;0;1;0;0;0;1;6;2;0;1;1;1;1;0;0;0;1;9;0;0;0;2;0;0;0;101;0;0;0;5;0;1;0;0;0;0;0;1;1;0;0
Vila Nova da Barquinha; 109;1;0;0;0;0;3;0;0;1;0;0;0;0;2;5;9;0;6;2;0;0;1;0;0;5;29;0;0;0;5;0;0;2;0;0;4;1;1;4;5;0;0;22;0;0;0;1;0;0
Vila Nova de Cerveira; 134;0;0;0;0;0;7;2;0;0;11;4;0;1;1;19;2;0;0;1;0;0;0;0;0;1;6;2;4;2;0;0;0;0;0;2;0;0;13;0;0;0;0;0;20;27;0;1;7;1
Vila Nova de Famalicão;1 799;1;5;1;0;0;42;246;0;1;439;49;6;5;6;87;24;0;4;1;28;0;18;0;2;10;56;78;6;13;1;1;2;0;2;19;0;0;376;1;1;0;1;0;12;97;25;49;73;11
Vila Nova de Foz Côa; 83;0;0;0;0;0;5;0;0;0;0;11;0;4;1;15;4;0;0;0;0;0;10;0;0;1;6;0;0;3;0;0;0;1;0;0;0;0;3;0;0;1;0;0;0;0;0;0;5;13
Vila Nova de Gaia;3 799;0;26;1;5;1;291;23;0;4;84;33;9;6;4;92;32;3;7;9;34;0;5;2;3;9;165;491;0;13;3;11;0;3;0;10;5;0;1 934;1;1;1;0;2;2;11;124;256;65;18
Vila Nova de Paiva; 90;0;0;0;0;0;8;0;0;0;0;1;0;0;0;20;3;0;1;0;0;0;3;0;0;0;5;0;0;2;0;0;0;0;0;0;0;0;1;0;1;0;0;0;1;0;0;1;1;42
Vila Nova de Poiares; 93;0;0;0;0;0;0;0;0;0;0;0;1;1;0;74;1;0;0;0;0;0;0;0;0;1;5;0;1;0;0;0;5;0;0;0;0;0;1;0;0;0;0;1;0;0;1;0;1;0
Vila Pouca de Aguiar; 175;0;0;0;0;0;1;2;0;0;7;21;0;0;1;28;7;0;0;0;0;0;2;0;5;0;4;1;0;10;0;0;0;0;0;0;0;0;13;0;0;1;0;0;0;0;0;4;66;2
Vila Real;1 287;0;0;0;0;2;19;1;0;0;27;91;4;7;4;72;13;0;1;4;1;0;5;1;11;1;50;13;0;30;2;0;1;2;0;0;1;0;97;0;0;0;1;1;0;2;3;21;792;7
Vila Real de Santo António; 240;1;0;4;0;0;0;0;0;31;0;0;1;1;1;8;1;0;7;117;0;0;2;0;0;3;49;0;0;1;3;0;0;0;0;0;1;2;1;1;0;0;5;0;0;0;0;0;0;0
Vila Velha de Ródão; 15;0;0;0;0;0;0;0;0;0;0;0;0;0;0;5;3;0;1;0;0;0;0;0;0;2;4;0;0;0;0;0;0;0;0;0;0;0;0;0;0;0;0;0;0;0;0;0;0;0
Vila Verde; 731;0;2;1;0;0;11;180;0;0;262;15;0;0;4;31;6;0;2;1;1;0;2;0;2;4;14;3;8;5;0;1;1;0;0;4;1;0;19;0;0;0;0;1;15;94;3;9;22;7
Vila Viçosa; 126;0;0;0;0;0;1;0;0;4;0;0;2;2;7;1;2;5;40;6;0;0;0;1;0;0;30;0;0;0;2;0;0;0;0;0;15;0;0;1;1;0;2;2;0;0;0;0;2;0
Vimioso; 57;0;0;0;0;0;0;1;0;0;0;34;0;0;0;5;4;0;0;0;2;0;1;0;0;0;3;0;0;2;0;0;0;0;0;0;0;0;3;0;0;0;0;0;0;0;0;0;2;0
Vinhais; 84;0;0;0;0;0;2;0;0;1;4;51;0;0;0;2;2;1;0;0;0;0;1;0;0;0;3;0;0;5;0;0;0;0;0;0;0;0;5;0;0;0;0;0;0;0;0;1;6;0
Viseu;2 439;1;4;3;7;0;142;2;0;0;10;7;14;14;21;435;92;0;7;4;2;0;45;3;12;35;222;5;1;4;19;2;2;3;2;0;3;0;99;5;3;11;0;3;0;1;3;11;36;1 144
Vizela; 375;0;1;0;0;0;10;15;0;0;89;22;0;0;1;25;4;0;0;1;25;0;1;0;2;6;1;3;0;16;0;0;1;2;0;0;0;0;47;0;0;1;0;0;2;13;0;11;73;3
Vouzela; 156;0;0;0;0;0;17;0;0;0;0;2;0;0;6;37;3;0;0;0;0;0;9;0;0;3;5;0;1;2;0;0;0;2;0;0;0;0;5;0;0;1;1;0;0;0;0;3;5;54